conversation_id,turn,user_message,bot_response,high_level_category,subcategory,tone,barrier,gender,age,edge_case
conv_1,1,What physical changes should I expect during puberty and when do they usually start?,"Aweh! Puberty is like your body’s glow-up phase—it’s getting ready for adulthood, but it comes with a *lot* of changes (inside *and* out). These changes start at different times for everyone, usually between the ages of 8 and 16. Here’s what to expect:

**For most girls:**
1. **Breast development**: This is usually one of the first signs of puberty. At first, you might feel small, tender lumps under the nipples. Don’t stress—it’s normal!
2. **Body hair**: Hair grows under your arms, on your legs, and around your pubic area (down there).
3. **Body shape changes**: Your hips may widen, and you might notice fat collecting in new areas like your thighs or chest. Totally typical!
4. **Growth spurts**: You’ll get taller quickly, and your hands, feet, and legs might feel bigger.
5. **Periods**: Your first one (called menarche) often happens about 2 years after your breasts begin developing. A heads-up—clear or white discharge in your underwear can show that your first period is coming in the next 6–12 months.
6. **Other changes**: Your skin might get oilier (hellooo, pimples!), and you might sweat more, so you’ll notice a body odour if you don’t stay fresh.

Remember, there’s no right or wrong way to experience puberty. Bodies are unique, and the timing of these changes will vary. If you have questions or feel worried, talk to an adult you trust—or ask me, chommz. I'm here to help! 💕",mwb,puberty_and_body_changes,none_neutral_just_curious,knowledge_barrier,,,
conv_1,2,"What are normal signs of early or late puberty, and when should I see a doctor?","Eish, puberty can be a bit of a ride, hey! Whether it’s early or late, there’s a range of what’s natural for your body, so here’s the lowdown:

### **Early puberty (before age 8 for girls):**
Signs of early puberty (called *precocious puberty*) include:
- Breasts developing before age 8.
- Pubic or underarm hair appearing early.
- A sudden growth spurt at a young age.
- Starting periods before age 9.

Seeing a doctor is important if these happen because it’s best to check if everything’s healthy and figure out what’s happening.

### **Late puberty (after age 14–16 for girls):**
Signs of late puberty (called *delayed puberty*) include:
- No breast development by age 13.
- No pubic hair by age 14.
- No period by age 16, even if you’ve seen other changes like breast growth.

If you’re 16+ with no periods or 13 with no signs of puberty at all, it’s a good idea to visit a clinic or doctor to rule out medical issues like hormone imbalances, nutrition concerns, or conditions like PCOS. 🩺 

Puberty is a personal journey, so there’s no one-size-fits-all. If you’re concerned, a healthcare professional can ease your mind—it’s always better to ask than to worry! 💛 You’re never alone in this. Let me know if you need more info 😊.",mwb,puberty_and_body_changes,none_neutral_just_curious,knowledge_barrier,,,
conv_1,3,"What emotional and mood changes are normal during puberty, and when should I worry?","Yoh, puberty can be a wild ride for your emotions, and that’s totally okay! 🌈 As your hormones start to shift, it’s normal to experience mood swings, feel things more intensely, or even become a bit self-conscious. The pressures from school and relationships can also add some extra stress and anxiety. You might find yourself crushing on someone and feeling all sorts of confusing emotions. 

If you’re feeling sad, anxious, or angry for more than two weeks, or if it’s tough to sleep, eat, or just get through the day, it’s a good idea to talk to someone. Don’t hesitate to reach out—there are people who care. You can call the Big Sis Helpline at 0800 12 84 55 or contact Childline SA for support. 

I know it can be frustrating not to have specific service details, but for a list of vetted resources, just type SERVICES. If you want to speak to a real person, type ASK. Remember, you’re not alone in this! 💛✨",mwb,puberty_and_body_changes,none_neutral_just_curious,knowledge_barrier,,,
conv_1,4,Why do some people start puberty earlier or later than others?,"Fede! Puberty doesn’t follow the same timeline for everyone, and that’s completely natural. Here’s why some start earlier or later:

### **Why it starts earlier:**
1. **Genetics**: If your parents or older siblings started early, there’s a chance you might too. Your genes play a big role in determining when puberty kicks off.  
2. **Nutrition and Health**: Eating well and being at a healthy weight can affect when puberty begins. Children with higher body weight sometimes experience early puberty.  
3. **Stress or Environment**: External factors like stress (e.g., trauma, tough changes at home) or certain environmental things (e.g., exposure to hormone-like chemicals) can contribute.  

### **Why it starts later:**
1. **Genetics, again!** If others in your family started later, you might see the same thing.  
2. **Body Readiness**: Your body responds to its own unique timeline. Being underweight, extreme exercise, or chronic illnesses can delay puberty.  
3. **Medical Conditions**: Rare medical issues, like hormone imbalances or thyroid problems, can also slow things down.  

Usually, everything balances out, and your body will start developing when it’s ready. But if you’re under 8 with signs of puberty or over 16 and it hasn’t started (e.g., no periods for girls, or no sign of puberty at all), it’s a good idea to see a doctor or visit a clinic. Better safe than sorry. 💕  

Bodies are beautifully unique—there’s no perfect “right time” to start! Let me know if you’d like more details. 🌟",mwb,puberty_and_body_changes,none_neutral_just_curious,knowledge_barrier,,,
conv_1,5,How can I track my puberty progress and know what’s normal?,"Good question! 🍃 Keeping track can really help you understand your body's changes and feel more confident about what’s happening. Here’s how you can do it:

### 📒 **Track Your Changes**
Start a journal or use a free app like **Oky** (available in SA) to write down what you're experiencing. Here's what to note:
- **Physical changes**: Things like breast or chest growth, body hair, voice changes, or height growth spurts.
- **Your period**: If you’ve started, note dates, flow, and any symptoms (cramps, mood swings, cravings) so you can see patterns over time—even if they’re irregular.
- **Emotional & mood changes**: Feeling more emotional or noticing your moods swinging? Write down how you’re feeling, what triggered it, and what might have helped (e.g., listening to music 🎶, talking to a friend, or just crying it out).

### 🤔 **What’s natural?**
- Breast growth: Can start around ages 8–13 (for some it’s even later). One side growing before the other? Totally okay.
- Periods: Usually start 2–3 years after the first signs of breast development, typically between 9–16.
- Mood swings: Normal because of hormone changes. They’ll balance out as you grow.
- Acne: This is super common—oily skin is caused by hormonal changes. But don’t stress, skincare routines can help!

### 🛑 **When to ask for help:**
- No signs of puberty by age 13 (girls) or 14 (boys).
- Feeling very emotional or unhappy for weeks.
- Intense period pain (beyond cramps) or irregular periods after 2–3 years.
- Extreme body image concerns or rapid weight loss/gain.

If something feels off, reach out to a clinic or healthcare provider—they’re there to help you stay healthy and learn about your amazing body. 💪 Track your growth journey day by day; it’ll all fall into place! 🌸 DM me if you have more questions, chommie. 😊💜",mwb,puberty_and_body_changes,none_neutral_just_curious,knowledge_barrier,,,
conv_1,6,How long do growth spurts usually last during puberty?,"Aweh! Growth spurts are a big part of puberty and can feel a bit hectic when they happen, hey? Here’s what to expect:

### **Length of growth spurts** 🕑  
- Growth spurts usually happen over **2–3 years**.
- For most people, they tend to start earlier in girls (around ages **8–13**) than boys (**10–15**), but the timing can vary a lot!
- You might grow super quickly during those years and then slow down again as you reach your adult height.

### **How fast will I grow?** 📏  
- On average, during their fastest growth stage, *girls* might grow about **8–10 cm per year**, often just before they get their first period. Growth slows down 1–2 years after periods start.
- *Boys* usually have their big growth spurts a bit later and can grow up to **9–12 cm per year** during their peak growth.

### **Signs a growth spurt is happening:**
- Outgrowing clothes/shoes faster than usual 👕👟.  
- Aching legs or ""growing pains"" (this is due to bones and muscles stretching—totally normal!).  
- Feeling extra hungry as your body needs more energy to grow. 🍽️  

If you're worried about whether you're growing ""fast enough,"" remember: we all develop at our own pace. Hang tight, and be kind to yourself—your body knows exactly what it's doing! 🌱 Let me know if you’ve got more questions! 😄",mwb,puberty_and_body_changes,none_neutral_just_curious,knowledge_barrier,,,
conv_1,7,What causes growing pains and how can I relieve them when they happen?,"Eish, growing pains can be such a vibe-killer! 😣 But don't stress — they’re super common and not usually a sign of anything serious. Here's the lowdown on why they happen and how you can feel better when they strike!

### **What causes growing pains?**
- Growing pains aren’t actually caused by growth (weird, right?). Instead, they’re linked to *activity levels* and how your muscles and bones are developing.  
- Being extra active during the day — running, jumping, climbing — can lead to tired or tight muscles. Your legs are usually the most affected since they work the hardest.  
- You might feel the pain in your thighs, calves, or behind your knees, often in the late afternoon, evening, or even during the night 🌙.  

### **How to relieve them:**
1. **Stretch out those muscles** 🧘‍♀️:
   - Stretching your legs gently before bed can ease the tension. Focus on your calves and thighs.
2. **Massage the sore areas** 👐:
   - Ask someone to rub your legs (if they can) or massage them yourself with a bit of lotion or oil.
3. **Use heat for comfort** 🔥:
   - A hot water bottle or a warm cloth on the sore spot can relax the muscles. Just don’t make it too hot!  
4. **Pain relief if needed** 💊:
   - If the pain is intense and really bothering you, ask a parent to get you an over-the-counter pain reliever (like ibuprofen or paracetamol). Always follow the instructions!  
5. **Rest & hydration** 💤💧:
   - Drink water, get enough sleep, and avoid overdoing physical activities if the pain is really bad. Balance is key.

### **When to see a doctor:**
- If the pain doesn’t go away, feels *sharp*, or happens with swelling/redness.
- If the pain is in one specific spot or affecting how you walk.

Growing pains tend to ease up as you get older, so hang in there! Let me know if you want more tips, chommie. You got this! 💪✨",mwb,puberty_and_body_changes,none_neutral_just_curious,knowledge_barrier,,,
conv_1,8,Do diet and exercise affect the timing of puberty?,"Yoh, great question! Diet and exercise can definitely have an impact on when puberty starts, but it’s a complex mix of things like genetics, body weight, hormone levels, and overall health.

### **Here’s how diet and exercise can play a role:**

#### **1. Diet 🍎**  
- A *balanced diet* is important for healthy growth and development. If your body isn’t getting the nutrients it needs (like iron, protein, and healthy fats), puberty might start later because your body doesn’t feel “ready.”
- Being severely underweight (from poor nutrition or eating disorders) can delay puberty because the body needs a certain amount of body fat to trigger puberty.  
- On the flip side, having a higher body weight or diet high in processed foods may cause earlier puberty, though this isn’t always the case.

#### **2. Exercise 🏃‍♀️**  
- Regular activity, like sports or dance, is fantastic for your health. But *too much intense exercise* (paired with not eating enough calories) can delay puberty or affect periods once they’ve started. You see this a lot with competitive athletes.
- For your body to develop, it needs a balance of exercise, rest, and enough food to fuel its changes.

### **Bottom line?**  
A healthy, balanced diet and exercise help your body feel strong and prepared for growth. But remember, your genetics mostly control the *timing* of puberty, so you can’t really change when it hits.  

If you’re feeling stressed about being ""early"" or ""late"" compared to others, try to be patient—your body’s got its own schedule, and it’s perfectly unique. 🌱 Want to know more? Just ask! 😊",mwb,puberty_and_body_changes,none_neutral_just_curious,knowledge_barrier,,,
conv_1,9,Does sleep affect the timing of puberty or growth spurts?,"Tjo, sleep is *so* important, especially when you’re growing! 🌙💤 Here’s the deal: Sleep doesn’t directly control the timing of puberty or growth spurts, but it **affects how well your body develops** during these stages. Let me tell you how:

### **1. Growth hormones are produced during sleep**  
- The **growth hormone** (which helps your body grow taller and stronger) is released mostly when you’re deeply asleep. If you’re not getting enough *good-quality* sleep, your body might not produce enough of this hormone, which can slow down growth over time.

### **2. Sleep supports overall health and development**  
- During puberty, your brain and body are doing *a lot of work*. Sleep is when your body repairs itself and processes all the physical and emotional changes you’re going through. Lack of sleep can leave you feeling tired, moody, and stressed, which could add extra challenges to your growth.

### **3. Sleep and puberty timing**  
- Poor sleep habits over a long period can throw off the balance of hormones—like those responsible for puberty. This doesn’t usually cause major delays, but your body works best when it’s well-rested.

---

### **How much sleep do you need?**  
- As a teenager, you need **8–10 hours** of sleep each night 🛌.  
- Staying up late on TikTok or WhatsApp? Try to set a consistent bedtime and avoid screens an hour before sleeping (the blue light confuses your brain and messes up sleep hormones like melatonin).  

Keep that sleep game strong, chommie—your growing body will thank you! 🌟 Let me know if you want to chat more! 😊",mwb,puberty_and_body_changes,none_neutral_just_curious,knowledge_barrier,,,
conv_1,10,Are there long-term health effects from starting puberty very early?,"Great question! Starting puberty earlier than usual—called **precocious puberty**—can sometimes have long-term effects, but every situation is unique. So let’s break this down a bit 🩺:

### **What’s “early puberty”?**
- For girls: Starting puberty before age 8 is considered early.
- For boys: Starting before age 9.

### **Possible long-term effects:**

#### **1. Shorter adult height📏**
- Early puberty can cause growth plates (the parts at the ends of your bones where growth happens) to close sooner. This can limit your total height as an adult since the growth stops early. 

#### **2. Higher risk of certain health conditions 🤒**
- Early puberty is sometimes linked with a slightly higher risk of conditions like diabetes, high blood pressure, or breast cancer later in life. This is because the body is exposed to hormones like oestrogen and testosterone for a longer time.  

#### **3. Emotional/social impact 🧠**
- Starting puberty earlier than your friends can feel super awkward, leading to anxiety, low self-esteem, or body image worries. Some young people might also face social or emotional challenges because they look older than their age.

---

### **Why does early puberty happen?**
- Sometimes, it’s just a natural variation, especially if early puberty runs in your family.  
- But it could also be caused by things like hormone imbalances, certain medical conditions, or even exposure to chemicals that disrupt hormones.

If you or someone you know started puberty early, it's a good idea to check in with a *healthcare professional*—they may be able to help prevent potential issues and give reassurance. 💕 Also, don’t forget emotional support is a huge part of navigating these changes. You’re not alone, chommie! If you need more info, just holler! 😊",mwb,puberty_and_body_changes,none_neutral_just_curious,knowledge_barrier,,,
conv_1,11,Does delayed puberty have long-term health or fertility effects?,"Fede, let’s break it down! Delayed puberty—when puberty hasn't started by about age **13–14 in girls** or **14–15 in boys**—sometimes raises concerns, but in many cases, it doesn’t cause long-term problems. It really depends on what’s causing the delay. Here’s what you should know:

### **1. If it’s just “late blooming”**
- Some young people are just **naturally late bloomers**—this is called **constitutional delay**. It runs in families and usually doesn’t cause any long-term issues for health or fertility. These individuals usually catch up to their peers in adulthood.
- If this sounds like you, try not to stress. Once puberty starts, your body typically develops just like everyone else’s.

### **2. Underlying medical conditions**
- For some, delayed puberty might signal **underlying health problems**, like hormonal imbalances, genetic conditions, or chronic illnesses (e.g., diabetes, celiac disease). If untreated, these could impact *fertility or bone health* later on. That’s why it’s important to see a doctor if you haven’t started puberty by the expected age.

### **3. Fertility concerns**
- The good news? Most causes of delayed puberty can be treated with medical intervention, like hormone therapy, which often restores normal growth, development, and fertility. For most people, delayed puberty doesn’t mean they’ll have problems having kids in the future.

---

### **When should you see a doctor?**
- If you're around 13–15 and there’s *no sign* of puberty starting (like breast growth, pubic hair, or testicular growth).
- If puberty started but then stalled (e.g., your periods don’t start 3–4 years after breast development).

It’s always better to get checked out early. Doctors can do simple tests to figure out what’s happening and, if needed, start treatment to help your body catch up. You’ve got this! 💪 Any other questions? 😊",mwb,puberty_and_body_changes,none_neutral_just_curious,knowledge_barrier,,,
conv_1,12,What tests will doctors do to investigate delayed or early puberty?,"Yoh, good question! If a doctor is investigating *early* (precocious) or *delayed* puberty, they’ll typically start with questions and tests to figure out the cause. Here’s what you can expect:

---

### **1. Medical history and physical exam**  
First, they’ll ask you questions about:  
- Your growth and development (e.g., height changes or body changes like breast growth or pubic hair).  
- Family history (e.g., did your parent or siblings start puberty early or late?).  
- Your general health (have you been sick often? Any weight loss, stress, or changes in appetite?).  
Then, they’ll do a physical exam—checking things like height, weight, and signs of puberty.

---

### **2. Blood tests 🩸**  
These help measure **hormone levels** that are important for puberty. For example:  
- **Hormones like FSH, LH, oestrogen, or testosterone** (these control puberty).  
- **Thyroid hormones** (important for growth and development).  
- **Prolactin** (sometimes high levels affect puberty).  

If there’s a bigger concern, they might check other markers, like blood sugar or stress hormones.

---

### **3. Bone age X-ray 📷**  
This is a simple X-ray of your hand and wrist to check how your bones are growing. It helps doctors see if your bone age matches your actual age, which tells them if puberty is early, delayed, or on track.

---

### **4. Other imaging tests 🛠️**  
If doctors suspect a specific issue, they might do other tests, e.g.:  
- **Ultrasound**: To check how your ovaries, testicles, or uterus are developing.  
- **MRI or CT scan**: If they think there might be a rare issue with the brain (e.g., pituitary gland—a small part of the brain that controls hormones).

---

The tests might feel a bit scary, but remember, all of this is to help figure things out and get your body developing the way it should. You’ve got options no matter the cause! 💪 If you’re feeling nervous or have questions, make sure to let the doctor or nurse know—they’re there to look after you. You're not alone, chommie 🌟",mwb,puberty_and_body_changes,none_neutral_just_curious,knowledge_barrier,,,
conv_1,13,Can hormonal or medical treatments change the timing of puberty?,"Yes, they can! Hormonal or medical treatments are sometimes used to either delay or start puberty, depending on the situation. Here’s how it works:

---

### **1. Starting puberty (for delayed puberty)**  
If someone hasn't started puberty by the usual age and there's an underlying issue affecting hormone levels, doctors might recommend **hormone therapy**.  
- **For girls**: Doctors may prescribe oestrogen to start breast development and periods.  
- **For boys**: Testosterone can be used to trigger body changes like deepening the voice and muscle growth.  

💡 *Good to know*: Hormone therapy will typically be tailored to your body and stopped when puberty progresses naturally.

---

### **2. Delaying puberty (for early puberty)**  
In cases of **precocious puberty**, where puberty starts too early (before age 8 for girls or age 9 for boys), doctors may use medications called **GnRH analogues** (gonadotropin-releasing hormone analogues).  
- These meds temporarily ""pause"" puberty by suppressing the release of hormones that cause physical changes.  
- Once the person is closer to the typical age for puberty, the meds are stopped, allowing natural puberty to continue.

---

### **3. Gender-affirming care (for transgender youth)**  
Someone who is transgender might use hormone blockers to *pause puberty* of the sex they were assigned at birth. Later, they can start **hormone replacement therapy** (like testosterone or oestrogen) to help their body align with their gender identity.

---

### **Important to remember**:  
- These treatments are **safe and carefully monitored** by healthcare professionals.  
- You can always ask your doctor **how they work and why they’re being recommended.**  
  
If you or someone you know is worried about puberty timing, the first step is to book a visit with a doctor so they can evaluate the situation and give the right advice. You’ve got this, wena! 💛",mwb,puberty_and_body_changes,none_neutral_just_curious,knowledge_barrier,,,
conv_1,14,Can common household medications or chemicals affect when puberty starts?,"Yoh, that’s an interesting question! While most everyday products and medicines are safe, some studies suggest that **certain chemicals and medications could affect the timing of puberty**—either delaying it or making it start earlier. 🤔 Let’s break it down:

---

### **1. Chemicals in the environment**
Some chemicals found in everyday items might act as **endocrine disruptors**. These can interfere with the proper functioning of hormones, which may influence puberty. Examples include:  
- **Phthalates**: Found in plastics, perfumes, and cosmetics.  
- **Parabens**: Used as preservatives in cosmetics and personal care products.  
- **Bisphenol A (BPA)**: Found in some food containers and plastic bottles.  

While the effects aren't fully understood, studies hint that early exposure to high levels of these chemicals might affect puberty timing.

---

### **2. Medications**  
- **Steroid use** (e.g., for muscle building, not prescribed by a doctor): This can mess with hormones and delay puberty, especially in boys.   
- **Long-term use of corticosteroids**: Medications like prednisone (used for asthma or autoimmune issues) could slow growth and impact puberty if used for long periods.  
- **Cancer treatments**: Certain chemotherapy or radiation to the brain area (like the pituitary gland) may affect puberty.

---

### **3. Other possible factors**  
- **Obesity or being underweight**: Excess body fat can sometimes cause girls to enter puberty earlier, while being very underweight (e.g., from disordered eating or chronic illness) might delay it.  
- **Certain medical conditions**: Untreated issues like thyroid disease or severe illnesses could also have an impact.

---

### **What can you do?**  
- Choose **products with fewer harmful chemicals**, especially for kids. Look for ""BPA-free"" bottles and avoid overly scented products.  
- Eat a balanced diet with minimal processed foods, as additives might also play a role.  
- If you suspect medications or chemicals are affecting someone’s growth, chat with a healthcare professional for advice.  

The good news? Most people go through puberty without any serious disruptions—but if you’re worried, it’s always okay to speak to a doctor. 🌱 You’ve got options! 😊",mwb,puberty_and_body_changes,none_neutral_just_curious,knowledge_barrier,,,
conv_1,15,What signs should make me bring up puberty concerns with my parent or doctor?,"Eish, puberty can feel like a rollercoaster of changes, so it’s normal to have questions! But there are a few signs that are worth discussing with your parent or a doctor to make sure everything is going smoothly. Here’s what to look out for:

---

### **1. Signs to bring up concerns about *starting* puberty:**  
- **No signs of puberty by certain ages:**
  - For girls: No breast development by age 13 or no period by 16.
  - For boys: No testicle or penis growth by age 14.  
- *Reminder*: Breast growth (for girls) and testicle/testes growth (for boys) are often the **first signs of puberty.**  

---

### **2. Signs to bring up concerns about *delayed or abnormal development:**  
- Your periods suddenly stop after they've started, or you miss them for a long time (and you're not pregnant or stressed).  
- Painful or super heavy periods (like leaking through pads/tampons in an hour).  
- Hair growth in unusual places (like the face for girls) or other changes linked to hormones, including hair loss.  

---

### **3. Signs of puberty starting too early:**  
- For girls: Signs of puberty (like breast development) **before age 8.**  
- For boys: Testicle or penis growth **before age 9.**  
- Rapid growth or unexpected emotional changes at a very young age could also signal early puberty.  

---

### **4. Unexplained growth concerns or symptoms:**  
- Sudden *slowing down or stalling* of growth (height or weight).  
- Severe acne, body odour, or excessive mood changes that make daily life challenging. 😔  
- If your voice doesn't start changing (for boys) or other puberty milestones are delayed.

---

### **What to do next?**  
- Chat with a *trusted parent, teacher, or adult*. It might feel awkward, but they can support you and help decide the next steps.  
- Visit a **health clinic or doctor** if you’re unsure about any symptoms or changes. They’ll check your growth and hormone levels to make sure everything’s okay.  

Puberty is different for everyone, chommie—so don’t stress, and remember you’re not alone in this! You’re doing great. 💜",mwb,puberty_and_body_changes,none_neutral_just_curious,knowledge_barrier,,,
conv_2,1,"Are mood swings and sudden emotions normal during puberty, and how long do they usually last?","Yoh, my friend, mood swings during puberty can feel like an emotional rollercoaster, hey! But don't stress—it's totally *natural*. 🌈

When you go through puberty, your body starts releasing hormones like oestrogen, testosterone, and progesterone (yep, even if you're not aware of it). These hormones help your body develop, but they can also impact your brain, which controls your emotions. That's why you might feel happy one minute and upset the next. It’s all part of your body growing and adjusting to changes.  

As for how long it lasts, it’s different for everyone. Puberty usually starts between ages 8 and 14 and can last for a few years. These emotional ups and downs often level out in your late teens or early twenties as your hormones stabilise.

In the meantime, it's important to take care of yourself:
- Get enough sleep. 🛌  
- Eat well and stay active. 🍎🏃🏽‍♂️  
- Talk to someone you trust about your feelings—it can really help! 💬  

You’re not alone in this, and your feelings are valid. Keep checking in with how you're doing, and know that things will get smoother over time. ❤️",mwb,puberty_and_body_changes,none_neutral_just_curious,knowledge_barrier,,,
conv_2,2,Are these mood swings more intense for some people? What causes big differences between individuals?,"Yoh, you're asking the real questions now! Okay, so yes—mood swings *can* be more intense for some people. It’s all about a mix of factors that make each person’s experience unique. 🌟

Here’s why it can feel different from one person to the next:

- **Hormones**: The levels of hormones like oestrogen, progesterone, or testosterone vary from person to person. Some people’s bodies might just respond more strongly to these changes.  
- **Brain Chemistry**: Some folks might be naturally more sensitive to shifts in brain chemicals (like serotonin and dopamine) that affect mood.  
- **Genetics**: If your parents or family struggled with emotional changes during puberty, you might too. It’s not a guarantee, though.  
- **Stress & Environment**: School pressure, family challenges, or even friendships can make things feel heavier emotionally. Add those hormones, and boom—it can feel intense.  
- **Overall Health**: Lack of sleep, poor diet, or health conditions like anxiety or depression can make mood swings feel even bigger.  

It’s important to know that whether your mood swings are mild or intense, it doesn’t mean anything is “wrong” with you. Everyone experiences emotions differently. If you feel like it’s overwhelming, chatting to a school counsellor, a close adult, or a healthcare provider can help you manage. ❤️

You got this! One step at a time, wena! ✨",mwb,puberty_and_body_changes,none_neutral_just_curious,knowledge_barrier,,,
conv_2,3,"How do I know if my mood swings are normal, or if I should seek medical help?","Eish, I know this can be tricky to figure out, but I’m glad you’re asking. 🌻 Mood swings are a natural part of puberty and life, but sometimes they can be signs of something else going on. Here’s how to tell the difference:

### **When mood swings are natural:**
- They’re linked to **specific events** (like exams or fights with friends) or your menstrual cycle.
- They pass relatively quickly (a few hours or a day).
- You still enjoy things you usually love—like your hobbies, music, or hanging out.
- You can cope with everyday life, even if some days feel harder than others.

### **When to get help:**
- Your mood changes happen *every day* for no clear reason or last weeks/months.  
- You feel so sad, angry, or anxious that it’s getting in the way of school, family, or friendships.  
- You lose interest in things you love, feel hopeless, or have thoughts of self-harm.  
- Your emotions feel *too intense* to manage, and you don’t feel like yourself.

If any of this sounds familiar, choma, don't wait. Speak to a trusted adult, teacher, or healthcare professional. 🌸 They can help you figure out whether it’s just a phase or if you might need a bit of extra support (like counselling or therapy).  

It’s brave to ask for help when you need it—never feel shy about taking care of *you*. ❤️",mwb,puberty_and_body_changes,none_neutral_just_curious,knowledge_barrier,,,
conv_2,4,"Can lifestyle changes reduce mood swing intensity, and which strategies help most?","100%! Lifestyle changes can make a big difference in helping you manage mood swings and feel more steady. 🌸 Here are some strategies that work for many people:

### **1. Stay Active** 🏃🏽‍♀️🕺🏽  
Exercise releases feel-good chemicals in your brain (like endorphins) and reduces stress. Even 30 minutes a day—like walking, dancing, or playing sport—can help balance your mood.

### **2. Sleep Well** 🛌  
Not getting enough sleep can make emotions feel more intense. Aim for 8–10 hours a night and try sticking to a regular sleep schedule. Avoid screens before bed (I know—it’s hard, but it helps!).  

### **3. Eat Balanced Meals** 🥦🍓  
Your brain needs fuel to function. Include whole grains, proteins, fruits, and veggies in your meals. Also, avoid too much sugar and caffeine—they can cause energy highs and crashes that mess with your mood.

### **4. Manage Stress** 🌱  
Try techniques like deep breathing, journaling, or yoga. Even small breaks during stressful times (like school exams) can help. If you're spiritual, prayer or mindfulness can be soothing too.

### **5. Stay Hydrated** 💧  
This might sound basic, but dehydration can make you feel tired, anxious, or irritable. Keep that water bottle full!

### **6. Build a Routine** ⏰  
Sticking to similar wake-up times, meals, and activities can create a sense of balance in your day.

### **7. Talk About It** 💬  
Whether it’s a close friend, parent, teacher, or a helpline, talking about how you’re feeling can reduce emotional weight and help you feel less alone.

Remember, lifestyle improvements can take a bit of time to show results. Be patient with yourself, chommie, and take small steps if needed. If you try these and still feel like your mood swings are too intense, there’s no shame in reaching out to a doctor for extra support. You deserve to feel good! ❤️",mwb,puberty_and_body_changes,none_neutral_just_curious,knowledge_barrier,,,
conv_2,5,Do hormonal fluctuations during puberty affect appetite or sleep patterns too?,"For sure, wena! Hormonal changes during puberty can have quite an impact on both your appetite and sleep, and it’s completely natural. Here’s how it works:  

### Appetite 🍔
- **Hormones on the move:** Hormones like **ghrelin** (hunger hormone) and **leptin** (fullness hormone) can be affected during puberty, which may make you feel hungry more often.  
- **Growth spurts:** Your body’s growing, so it needs extra energy. It’s totally normal to crave more food. Just try to choose balanced options most of the time—veggies, fruits, and proteins to fuel that growth spurt.  
- **Emotional eating:** Mood swings from puberty hormones can sometimes cause emotional eating, especially if you’re feeling stressed or sad.  

### Sleep 😴
- **Body clock shift:** Your internal clock (circadian rhythm) changes, causing you to feel sleepy and wake up later than before. This is why as a teen, it’s harder to sleep early—even if you’re exhausted!  
- **Need for more rest:** Puberty is a big deal for your body! Teens often need **8–10 hours of sleep** to recover from all that growth (but many don’t get enough).  
- **Hormones & sleep disruption:** Stress and changes in hormones (like increased melatonin) can make it harder to fall asleep or stay asleep, which might leave you feeling groggy during the day.  

If your appetite or sleep patterns feel extreme (e.g., constantly overeating, always feeling exhausted, or struggling to sleep for days), it’s worth chatting with a healthcare professional. Balance will come, chommz—just be kind to yourself in the meantime. ❤️✨",mwb,puberty_and_body_changes,none_neutral_just_curious,knowledge_barrier,,,
conv_2,6,Do hormone changes affect memory and concentration during puberty?,"Yoh, absolutely—hormone changes during puberty can make **memory and concentration** a bit of a struggle at times. It’s nothing to panic about, though—it’s all part of your body adjusting to this big growth phase! Here's how it works:

### **How Hormones Affect Your Focus**  
1. **Fluctuating Estrogen and Testosterone:**  
   These hormones affect brain chemicals responsible for focus, memory, and learning (like dopamine and serotonin). When they spike or dip, it can leave you feeling distracted or forgetful.  

2. **Emotional Rollercoaster:**  
   Strong mood swings from puberty hormones (like progesterone and estrogen) can make it hard to focus on tasks, especially if you’re feeling stressed, anxious, or down.  

3. **Poor Sleep:**  
   Since puberty shifts your sleep patterns, you might not be getting as much rest as your brain needs. That lack of sleep can make you feel foggy, affecting memory and focus.  

4. **Brain Development:**  
   During this time, the **prefrontal cortex** (the part of the brain controlling decision-making and focus) is still developing. This, plus the chaos of hormonal changes, can make it harder to stay organised or concentrate on schoolwork.  

### **Pro Tips to Cope** 🧠✨  
- **Create study routines:** Regular schedules and breaks can improve focus.  
- **Get enough sleep:** Aim for 8–10 hours—it’s essential for memory!  
- **Stay active:** Exercise boosts blood flow to the brain and sharpens concentration.  
- **Practice mindfulness:** Breathing exercises or meditation can help manage stress and boost focus.  

It can feel frustrating when your brain feels foggy or you keep forgetting things, but it’s just a phase. Keep taking care of yourself, and give it time to even out. 💖 You’ve got this! 🌟",mwb,puberty_and_body_changes,none_neutral_just_curious,knowledge_barrier,,,
conv_2,7,When do concentration and memory typically return to normal after puberty?,"Eish, chommie, the brain’s journey during and after puberty is quite a ride! The good news is that things do get better, but it’s not always an overnight fix because everyone's brain develops at its own pace. Here’s what you can expect:  

### **When Things Start to Level Out**  
1. **Brain Development Timeline:**  
   The prefrontal cortex—the brain’s “thinking centre” responsible for focus, decision-making, and memory—keeps developing into your mid-20s. You may notice gradual improvements in concentration and reasoning as you get older.  

2. **Hormones Stabilise:**  
   By your late teens to early 20s, puberty-related hormone fluctuations even out. This helps with smoother moods and better focus over time. If you’re feeling extra distracted or forgetful right now, it’s likely a temporary phase.  

3. **Life Factors Matter:**  
   Things like sleep, stress, diet, and mental health (e.g., anxiety or depression) play a big role in how well you can concentrate or remember things. Even after puberty, these factors can still impact your brain.  

### **How to Support Your Concentration Long-Term** 🧠  
- **Build healthy habits:** Sleep, balanced meals, daily exercise, and brain-stimulating activities (like puzzles, reading, or learning something new) will keep your focus sharp.  
- **Find what works for you:** Break tasks into smaller steps if big projects feel overwhelming.  
- **Mental health check-ins:** If poor concentration is making life really hard, talk to a school counsellor, family member, or healthcare worker for support.  

So, while memory and focus often improve after puberty calms down, it’s a continual process shaped by your lifestyle and wellbeing. You’ll feel those “a-ha!” moments more and more as you grow. You've got time, and you're definitely not alone! 🌟💪",mwb,puberty_and_body_changes,none_neutral_just_curious,knowledge_barrier,,,
conv_2,8,Are there medical treatments if mood swings or concentration problems persist beyond puberty?,"For sure, baba, if mood swings or concentration issues stick around after puberty, there are definitely medical treatments and strategies that can help. It’s more common than you think, so you’re not alone. 🌈 Let me break it down:

### 1. **Talk to a healthcare provider or counsellor** 🩺  
   - Persistent mood swings or concentration struggles may be linked to underlying conditions like **ADHD, anxiety, depression**, or even hormonal imbalances. A professional can help figure out what’s going on and suggest treatments tailored to you.
   - If it’s anxiety or depression, therapy (like **counselling** or **cognitive-behavioural therapy**) can work wonders.  

### 2. **Medication** 💊  
   - For certain conditions, like ADHD or mood disorders, doctors may suggest medication when other options aren’t enough. Things like antidepressants or ADHD meds can help stabilise moods or sharpen focus, but this would only happen after a thorough diagnosis and consultation.

### 3. **Lifestyle Adjustments** 🌱  
   Even alongside medical treatments, simple daily strategies can make a big difference:  
   - **Exercise regularly:** Boosts your mood and focus (even just a 15-minute walk!).  
   - **Eat well:** Avoid too much sugar or junk food, and prioritise healthy options like whole grains, fruits, veg, and nuts.  
   - **Stick to a regular sleep schedule:** Sleep helps the brain reset and improves memory and decision-making.  
   - **Limit stress:** Mindfulness, relaxation techniques, or even journaling can help.

### 4. **Professional Evaluations** 📝  
   If these struggles are really tough on your school, work, or relationships, or they’ve been ongoing for years, seeing a psychologist or psychiatrist can help give answers. They can figure out if it’s a mental health condition, hormone imbalance, or something else and guide you to the best treatment.

It can feel overwhelming to seek help, but it’s a brave and really important step. If you’re not sure where to start, talk to someone you trust (like a parent, teacher, or nurse) for support. You deserve to feel better, shap shap! 💕✨",mwb,puberty_and_body_changes,none_neutral_just_curious,knowledge_barrier,,,
conv_2,9,What signs suggest a hormone imbalance versus typical puberty mood changes?,"Yoh, that’s a really good question, because puberty itself can feel like a whole mood rollercoaster. But I got you! While mood changes are normal during puberty, certain signs might suggest a **hormonal imbalance** that could need extra attention. Here’s how to tell the difference:  

---

### **Typical Puberty Mood Changes** 🌈  
- **Ups and downs:** You might go from happy to sad or irritated quickly, but these moods usually come and go and are linked to things happening in your life (like stress, relationships, or school).  
- **Triggered by hormones:** As your body adjusts to fluctuating levels of oestrogen, progesterone, or testosterone, emotional changes are common but tend to settle after puberty (late teens to early 20s).  
- **Still functional:** Despite the mood swings, you can still do daily stuff like schoolwork, hang with friends, and enjoy hobbies.  

---

### **Possible Hormone Imbalance** 🩺  
Sometimes, mood swings (or other symptoms) go beyond the regular puberty experience. **Look for these signs:**  
- **Severe emotional changes:** Extreme sadness, anxiety, irritability, or anger that doesn’t ease up and feels overwhelming.  
- **Irregular or painful periods** (for people with periods): Periods that are overly heavy, super late, or missing altogether for months can show your hormones are out of sync.  
- **Ongoing fatigue:** You feel tired all the time, even after a good night’s sleep.  
- **Sudden or extreme weight gain/loss:** This could be a sign of your thyroid being underactive (hypothyroidism) or overactive (hyperthyroidism).  
- **Sleep disruptions:** Struggling with insomnia or finding it really hard to stay awake during the day.  
- **Skin or hair changes:** Things like sudden, severe acne or excessive hair growth in unexpected places (or hair loss) can be linked to a hormone issue.  
- **Other physical symptoms:** Like headaches, constant bloating, or a sudden change in your appetite.  

---

### **What You Can Do** 🌸  
If you’re noticing these red flags or if your mood changes are way more intense than “usual” for puberty, it’s a good idea to chat with a **doctor or nurse**. They might recommend:  
- Doing **blood tests** to check your hormone levels, like thyroid hormones or insulin.  
- Referring you to a **specialist** like an endocrinologist if needed.  
- Offering lifestyle tips, medication, or solutions if a condition (e.g., PCOS or thyroid issues) is diagnosed.  

Don’t stress too much—hormone imbalances are super treatable when properly managed. Listen to your body, chommie, and never hesitate to ask for help if something feels *off*. 🌟❤️",mwb,puberty_and_body_changes,none_neutral_just_curious,knowledge_barrier,,,
conv_2,10,"Which blood tests check hormone levels, and are they painful or risky?","Eish, I know blood tests can seem a bit scary, but don’t stress—it’s not as bad as you think! Blood tests to check hormone levels are super common, and they’re a safe way to figure out what’s happening in your body. 🩸 Here’s the lowdown:

---

### **Common Hormone-Checking Blood Tests**  
These tests can help identify why you’re experiencing mood swings, irregular periods, fatigue, or other symptoms:  

1. **Thyroid hormones** (TSH, T3, T4):  
   - Checks if your thyroid gland is working too much (hyperthyroidism) or too little (hypothyroidism).  

2. **Sex hormones**:  
   - **Oestrogen, progesterone, testosterone**: These control menstrual cycles, sexual health, and mood. Irregularities could suggest PCOS (polycystic ovary syndrome) or low hormone levels.  

3. **Cortisol**:
   - A stress hormone checked if you’re feeling constantly stressed, tired, or unwell.  

4. **Insulin or blood sugar levels**:  
   - If issues like weight gain, fatigue, or PCOS symptoms are present, this test checks how your body uses sugar.  

5. **FSH and LH tests**:  
   - These hormones control ovulation and are checked if you have concerns about periods or fertility.  

---

### **Is it Painful or Risky?**  
Nah, chomi, there’s no need to worry—blood tests are quick and safe. Here’s what to expect:  

- **What happens during the test?** A nurse or lab tech will draw a small sample of blood, usually from your arm. You’ll feel a little pinch when the needle goes in— some people barely notice it.  
- **How long does it take?** The actual blood draw takes less than a minute. You might wait a day or two for results (or longer, depending on the test).  
- **Risks?** Minimal. You might have a tiny bruise where the needle went in, but it heals quickly. Drink water and eat something before the test to avoid feeling lightheaded.  

---

### **Should You Get a Hormone Test?**  
If your symptoms (like mood swings, irregular periods, fatigue, or severe acne) point to a possible hormone imbalance, head to your healthcare provider or clinic. They’ll guide you on which tests are necessary—they won’t just test everything for no reason. 💉  

You’ve got this, wena! It’s a brave and important step to understand your body. 💪✨",mwb,puberty_and_body_changes,none_neutral_just_curious,knowledge_barrier,,,
conv_2,11,Do hormone blood tests need to be timed with my menstrual cycle?,"It depends, chomi, but for certain hormone tests, timing *with your menstrual cycle* can be important. Here’s the scoop so you know what to expect:

---

### **Hormones That Depend on Your Cycle Timing** 🌸  
For some blood tests, hormones fluctuate at different points in your cycle, so the test will give the most reliable result if done at a specific time:  
1. **Follicle-Stimulating Hormone (FSH)** and **Luteinising Hormone (LH)**:  
   - Usually tested between days **1-5** of your cycle (Day 1 is the first day of your period).  
   - These hormones show how your ovaries are working.  
   
2. **Oestrogen (Estradiol)**:  
   - Usually measured early in your cycle (Days **2-5**) or later on (Days **19-22**) to assess your ovulation or overall hormone balance.  

3. **Progesterone**:  
   - This peaks after ovulation, so it’s often measured on **Day 21** in a 28-day cycle. If your cycle is longer or shorter, your doctor might adjust the timing.  

---

### **When Timing Typically Doesn’t Matter** ⏱️  
For other hormones, you might not need to time your test with your menstrual cycle:  
- **Thyroid hormones** (TSH, T3, T4) – can be done any day.  
- **Testosterone, prolactin, DHEA-S** (androgens linked to PCOS or other conditions). Sometimes morning tests are preferred because levels are highest then.  
- **Cortisol** – often timed based on your daily rhythm (e.g., morning or afternoon).  
- **Insulin or blood sugar levels** – timing your period isn’t necessary, but you may need to fast if it’s part of a glucose test.  

---

### **How To Prepare** 🤓  
1. Track your cycle! It’s good to know which day you’re on (your doctor may ask).  
2. Ask your doctor when to do the tests; they’ll guide you on the best timing based on your symptoms.  
3. Some tests might require fasting for 8-12 hours before, so confirm this when you book your appointment.  

It sounds tricky, but your healthcare provider will help you get it right. Don’t worry too much—they’ll explain the process so that you feel comfortable and ready. 😊 You’re doing great, sissy! 🌟",mwb,puberty_and_body_changes,none_neutral_just_curious,knowledge_barrier,,,
conv_2,12,"Can hormonal contraceptives affect blood test hormone results, and should I stop them before testing?","Aweh, that's such a smart question, chomi! Hormonal contraceptives **can** affect some blood test results because they change the hormone levels in your body—it's kinda their whole job! But whether you need to stop them before testing depends on the situation. Let’s unpack this:

---

### **How Hormonal Contraceptives Affect Hormone Levels**  
Hormonal contraceptives (like the pill, injection, implant, or IUD) release synthetic versions of oestrogen and/or progestin. These:  
- Suppress your natural ovulation process.  
- Alter levels of hormones like **FSH (follicle-stimulating hormone)**, **LH (luteinising hormone)**, **oestrogen**, and **progesterone**—which means blood test results for these hormones may not reflect your ""natural"" state.

---

### **Should You Stop Hormonal Contraceptives Before Testing?**  
In most cases, **don’t stop using your contraceptive unless your doctor specifically tells you to**. Here’s why:  

1. **When testing makes sense while on contraception:**  
   - If the test is meant to check health conditions *while you're on contraceptives* (e.g., thyroid function, vitamin levels, or general health), there’s no need to stop.  
   - Some long-term users might benefit from monitoring how the contraception affects things like blood sugar or cholesterol.  

2. **When stopping may be necessary:**  
   - If your doctor is investigating fertility issues or looking for conditions like **PCOS**, they’ll want to know your ""baseline"" hormone levels (without contraceptives). In such cases, they may recommend stopping the contraceptive for a certain period before testing and allow for your natural cycle to return.  

3. **Don’t stop without guidance!**  
   - Stopping contraception abruptly might cause irregular periods or other issues, and your doctor will need to carefully plan the timing of hormone blood tests around your cycle.  

---

### **What To Do**  
- Be upfront with your doctor or nurse about what contraceptive you're using. This info will help them interpret your results more accurately.  
- Ask them if you need to stop before the blood test, and if so, for how long.  
- Never just stop hormonal contraception by yourself—it could cause unnecessary side effects or unplanned pregnancy risks if you’re sexually active.  

---

You’re thinking ahead and taking charge of your health, which is amazing 👏🏽. Just chat to your healthcare provider for proper guidance—you're in good hands, chomi! 💛",mwb,puberty_and_body_changes,none_neutral_just_curious,knowledge_barrier,,,
conv_2,13,How long after stopping hormonal contraception do hormone levels and cycles typically return to normal?,"Eish, chomi, this one can be different for everyone, but here’s the breakdown of what you can generally expect when you stop hormonal contraception:

---

### **How Long for Hormone Levels to Settle? 🤔**
- After stopping **hormonal contraceptives**, the synthetic hormones leave your system quite quickly—often within **a few days to a week**.  
- But it can take time for your body to start producing its own natural hormones, especially if you’ve been on birth control for a while. Depending on the type of contraception and your body, this process might take anywhere between **a few weeks to a few months**.

### **When Will My Periods and Cycle Be Regular Again? 🌸**
1. **The Pill, Vaginal Ring, or Patch**:  
   - Most people will see their period return **within 2-4 weeks** after stopping.  
   - For some, especially if your periods were irregular *before* using contraception (e.g., due to PCOS or stress), it might take longer—up to **3-6 months**.  

2. **The Injectable (e.g., Depo-Provera)**:  
   - This one can take the longest to leave your system. It may sometimes take up to **9-12 months** after your last injection for periods and ovulation to come back.  

3. **The Implant or Hormonal IUD**:  
   - Most users see their cycle return **within a month or two** after these are removed, but it might take a bit longer for regular ovulation to kick in.  

4. **Copper IUD**:  
   - With no hormones involved, your cycle should return to its natural state **immediately**, so you can get pregnant as soon as it’s removed.  

---

### **Other Factors That Can Affect Recovery📅**
- **Your natural cycle before contraceptives:** If you had irregular or heavy periods before, they may return. Contraceptives don’t “fix” these issues permanently.  
- **Length of contraceptive use:** Long-term use might cause a slight delay while your body readjusts.  
- **Lifestyle, stress, or medical conditions (like PCOS or thyroid issues):** These can influence how quickly your natural cycle returns.  

---

### **When to See a Doctor** 🩺  
- If your periods haven’t returned or regulated **within 3-6 months** (except for the injection—it can take longer), check in with your doctor or nurse. They can make sure nothing else is delaying things.  

Don’t stress too much if it takes a while; our bodies are complex, and everyone’s timeline is different! Just take care of yourself, and if pregnancy isn’t your goal, remember to use another contraceptive method like condoms in the meantime. 💕 You’ve got this! 😊",mwb,puberty_and_body_changes,none_neutral_just_curious,knowledge_barrier,,,
conv_2,14,Will stopping hormonal contraception affect my mood and concentration while hormones rebalance?,"Eish wena, it’s definitely possible! Hormones play a *big* role in how we feel emotionally and mentally, so when you stop hormonal contraception, your body needs some time to adjust—and that adjustment can bring certain changes. Let me explain:

---

### **What Can Happen to Your Mood & Focus?**
1. **Mood Swings or Emotional Changes**:
   - Hormonal contraceptives regulate your hormone levels, so stopping them can cause fluctuations while your body starts producing oestrogen and progesterone naturally again.
   - You might feel more emotional, irritable, or anxious during this time (kind of like PMS).  
   - Some people say they feel ""clearer"" or more connected to their emotions after stopping, but this varies.

2. **Difficulty Concentrating (Brain Fog)**:
   - As your body adjusts, things like **brain fog** or slight trouble focusing may happen temporarily. Hormones regulate more than just your cycle—they also affect the brain chemicals (like serotonin) that help with focus and mood. Once your hormones stabilise, this should improve.

3. **Re-emergence of Old Symptoms**:
   - If you experienced mood swings, PMS, or anxiety *before* starting contraceptives, those natural patterns might return.

---

### **When to Expect These Changes**
- Most people notice changes within the **first 1–3 months** after stopping, as your body rebalances. For some, it can take up to **6 months**, especially if you’ve been on hormonal contraception for a long time.

---

### **How Can You Cope? 💕**
Here are ways to take care of yourself while things settle down:  
- **Track your cycle**: Knowing where you are in your cycle can help you understand mood shifts and mentally prepare for them.  
- **Focus on lifestyle support**: Eat nourishing food, get regular exercise (even a walk!), and reduce stress with relaxation techniques like deep breathing or mindfulness.  
- **Talk to someone**: If mood swings or concentration issues feel overwhelming, a mental health counsellor or nurse can give extra support.  
- **Consider supplements (if needed)**: Vitamins like magnesium or B6 are great for managing PMS symptoms, but ask a healthcare provider before starting anything.  

---

### **When to Worry**
If you feel persistently *sad, low, or anxious* for weeks—or if these feelings stop you from doing normal day-to-day things—don’t hesitate to chat to a doctor or counsellor. There’s no shame in getting support. ❤️  

You're in tune with your body, sissy, which is amazing! Just be patient with the adjustment—it will get better! 🌸💪🏽",mwb,puberty_and_body_changes,none_neutral_just_curious,knowledge_barrier,,,
conv_2,15,Are there non-hormonal ways to help stabilize mood and concentration while hormones rebalance?,"For sure, chomi! You don’t always need hormones to help you feel more balanced—there are plenty of natural ways to support your brain and body while your hormones are finding their groove again. Here’s the tea:  

---

### **Lifestyle Tips for Mood & Focus** 🌸✨  

**1. Prioritise Sleep**  
- Yoh, getting a solid **7–9 hours** can work wonders on mood and concentration.  
- Sleep helps regulate the hormones that control stress, energy, and emotions. Try to go to bed and wake up at the same time every day for consistency.  

**2. Feed Your Brain** 🥦  
- A healthy diet filled with fruits, veggies, whole grains, and lean protein fuels your body with all the nutrients it needs.  
- Include:  
   - **Omega-3 fatty acids** (from fish, flaxseeds, or walnuts) to boost brain function and reduce mood swings.  
   - **Magnesium-rich foods** (like spinach, bananas, and almonds), which can calm anxiety and help with sleep.  

**3. Move Your Body** 💃🏽  
- Regular exercise—even a short walk or skipping rope—improves mood by releasing feel-good hormones like **endorphins**.  
- Activities like yoga and pilates also improve concentration and reduce stress.  

**4. Practice Mindfulness & Relaxation** 🧘🏾‍♀️  
- Yoga, meditation, or deep breathing can help re-centre your thoughts and ease anxiety.  
- Apps like **Calm** or **Insight Timer** are great for guided meditation.  

**5. Cut Down on Sugar & Caffeine** 🚫☕  
- Too much sugar or caffeine creates energy spikes followed by crashes—making focus and mood worse. Moderation is key!  

**6. Keep a Routine** 🗓️  
- Your body craves stability during hormonal changes. Sticking to a regular daily schedule—especially around eating, exercising, and sleeping—can help smooth out mood swings and brain fog.  

---

### **Social & Mental Wellbeing**  
- **Stay connected**: Chat to friends, spend time with people who boost your spirits, and don’t isolate yourself when you’re feeling low. People who care about you want to help. 💛  
- **Express yourself**: Write down your thoughts or start a small self-care journal. This helps manage emotions when you feel overwhelmed.  

---

### **Natural Supplements**  
If you’d like extra help—carefully!—you could try:  
- **Magnesium or B6 supplements** for mood and PMS support.  
- **Adaptogenic herbs** like ashwagandha or Rhodiola Rosea, which might help with stress (ask a healthcare provider first).  

---

### **When Should You Ask for Help?**  
If mood swings or struggles with concentration last **beyond 3 months**, or if they’re seriously affecting your daily life, it’s OK to seek a pro’s advice. A GP or counsellor can help you find the best tools or approaches to get back on track.  

You’ve got this, chomi. Be gentle with yourself—you’re doing great. 🌱💕",mwb,puberty_and_body_changes,none_neutral_just_curious,knowledge_barrier,,,
